Nome do espaço,Endereço ,O espaço já estabeleceu algum tipo de parceria?,Quais as maiores dificuldades enfrentadas pelo seu espaço antes da pandemia?,Quais as maiores dificuldades enfrentadas pelo seu espaço com a pandemia?,Alguma das situações abaixo ocorreu em relação aos trabalhadores do seu espaço nos últimos meses? ,"Se houve alguma das situações citadas, descreva o motivo.",A percepção é de que em relação aos problemas enfrentados pelo seu espaço na pandemia: ,"No caso de agravamento das dificuldades pelo seu espaço, descreva quais foram identificadas. ","No caso de surgimento de novas dificuldades pelo seu espaço, descreva quais foram identificadas. ",Quais os maiores desafios de adaptação do seu espaço e das atividades desenvolvidas frente ao novo cenário pandêmico? ,"Independentemente do período, se antes ou na pandemia, o espaço já foi beneficiado por algum tipo de política pública?","Em caso afirmativo, descreva qual. ",A percepção é de que esses benefícios foram satisfatórios frente às dificuldades sofridas pelo espaço?,"Caso tenha sido beneficiado, quais foram os pontos positivos? ","Caso tenha sido beneficiado, em quais pontos a política implementada não foram eficientes/se mostraram negativos? ",Você considera que as políticas públicas de âmbito estadual e municipal voltadas para as áreas culturais são de difícil acesso?,"Em caso positivo, quais as dificuldades enfrentadas? ","Na sua percepção, as políticas públicas culturais contribuem para a manutenção dos espaços? Se sim, comente em que medida.",O que você espera de uma Política Pública Cultural para o seu espaço?,"Na sua opinião, o tempo de formulação de políticas públicas específicas para o período pandemia, foi: ",Qual a sua avaliação quanto aos mecanismos previstos na Lei Aldir Blanc?,"No seu ponto de vista, quais os aspectos positivos e negativos da Lei Aldir Blanc? ",Deixe seu comentário da sua percepção em relação à implementação da Lei Aldir Blanc para os espaços culturais em Curitiba.  ,"Qual a percepção da espaço cultural em relação a sua inserção ao uso, acesso e ocupação da cidade?",Use o espaço abaixo para deixar a sua contribuição adicional para esta pesquisa. ,Autorização do uso de dados: 
Ballet Coppelia do Brasil,Rua Carmen Maito Stinglin 75,"Sim, com escolas",Fidelização de novos alunos,"Pagamento de contas para a manutenção do espaço físico, Pagamento de salário dos funcionários, Pagamento de despesas administrativas (contador, taxas fiscais, website, etc), Formação de público, Fidelização de novos alunos, Impossibilidade de realização de eventos, Impossibilidade de realização de aulas e cursos, Impossibilidade de realização de ensaios, Adequação dos espaços físicos para abertura do espaço de acordo com normas sanitárias, Redução de alunos","Redução de jornada de trabalho, Aulas remotas que se tornaram um desafio ","Apesar das aulas online, muitas famílias não aceitaram o novo formato e se desligaram da escola.","As dificuldades enfrentadas foram agravados pela pandemia, Novas dificuldades sugiram com a pandemia","Cancelamento de contratos, impossibilidade de aulas presenciais etc.",Adequação para aulas online como aumentar dados de internet,Manter as obrigações financeiras e alunas que permaneceram na escola,Não,,,,,Sim,"Inclusive nesse momento, estamos abalados, participando da seleção para recebimento do subsídio da Lei Aldir Blanc, sem saber se será deferido e cheio de burocracias para participação.",Acredito que não. A dificuldade que tive em participar desta seleção foi enorme e sem certeza de nada.,"Espero que sejamos ouvidos, que tenhamos apoio e não vistos como somos hoje.",Lento,Regular,"Acho a iniciativa incrível, só não concordo com a dificuldade que estamos tendo para conseguir ser contemplado, mesmo com todas as provas possíveis de que estamos lutando para não fechar as portas.","Acredito que as coisas poderiam ser mais fáceis pois a situação é grave, não só eu, como todos os proprietários tivemos muitas perdas e caso sejamos desabilitados desse Subsídio, teremos que tentar nos restruturar ou fechar de vez.","Um exemplo é o Teatro Guaíra, podíamos alugar e hoje somos proibidos. O que podemos ter fácil acesso é dançar em ruas da cidadania e no memorial, o que não comporta um número grande de alunas dentro de uma coreografia.","O acesso à cultura ainda é restrito, isso prejudica diretamente nos espaços culturais e afins.","Autorizo a integral utilização e publicização, de acordo com a conveniência, das informações prestadas na pesquisa realizada, exclusivamente para fins acadêmicos."
Teatro Espaço da Criança,"Rua Domingos Strapasson, 620 - Santa Felicidade","Sim, com escolas","Pagamento de contas para a manutenção do espaço físico, Pagamento de salário dos funcionários, Pagamento de despesas administrativas (contador, taxas fiscais, website, etc), Alimentação de redes sociais, Insuficiência de políticas públicas","Pagamento de contas para a manutenção do espaço físico, Pagamento de salário dos funcionários, Pagamento de despesas administrativas (contador, taxas fiscais, website, etc), Alimentação de redes sociais, Insuficiência de políticas públicas, Impossibilidade de realização de eventos","Demissão, Redução de salário, Redução de jornada de trabalho","Com o teatro fechado, não existe arrecadação.","As dificuldades enfrentadas foram agravados pela pandemia, Novas dificuldades sugiram com a pandemia","Escolas fechadas, sem movimento no teatro.",Ausência das escolas.,Divulgação do produto.,Não,,Muito insatisfatório,,,Sim,Falta de critérios para administração das verbas públicas. Comissões de analise voltadas para grupos em particular.,"Deveriam, mas não é a realidade.",Que possibilite o trabalho. Que tenha um programa consistente e não político temporário.,Muito Lento,Péssimo,Nenhum. Os espaços não foram beneficiados. O governo estadual reteve a verba e não liberou até o presente momento.,"Uma boa proposta, mas como sempre neste pais pessimamente colocada em prática.",A utilização é de fundamental importancia para a comunidade.,"Gostaria de acreditar que estes minutos que usei para responder ao presente questionario servisse para alguma coisa, e não fosse apenas mais um. A classe artistica está cheia de blá blá blá. Mas, sinceramente não acho que venha contribuir com nada.","Autorizo a integral utilização e publicização, de acordo com a conveniência, das informações prestadas na pesquisa realizada, exclusivamente para fins acadêmicos, sem a divulgação da identidade do espaço."
Casa Posselt,"Rua Ebenezer, 96 Pilarzinho",Não,Pagamento de contas para a manutenção do espaço físico,Pagamento de contas para a manutenção do espaço físico,Realização de teletrabalho,por não haver público,As dificuldades enfrentadas foram agravados pela pandemia,falta de público,falta de público,falta de público,Não,,,,,Não,,,Apoio financeiro e divulgação,Normal,Regular,Até o momento não fui beneficiado com nada,Ainda não percebi uma contribuição da Lei ,"O espaço é voltado para as escolas públicas, particulares e para o público em geral, atendendo de forma pontual, com horários marcados. Por eu ser poeta, o espaço interage de forma a aproximar o leitor do escritor, oferecer esse acesso e também proporcionar os alunos um momento diferenciado fora da sala de aula. ",,"Autorizo a integral utilização e publicização, de acordo com a conveniência, das informações prestadas na pesquisa realizada, exclusivamente para fins acadêmicos."
Casa de Dança Tatiana Asinelli,"João Max Rosener, 19 - Hugo Lange",Associações,"Pagamento de despesas administrativas (contador, taxas fiscais, website, etc), Produção de conteúdo virtual, Alimentação de redes sociais, Insuficiência de políticas públicas","Pagamento de contas para a manutenção do espaço físico, Pagamento de despesas administrativas (contador, taxas fiscais, website, etc), Produção de conteúdo virtual, Alimentação de redes sociais, Formação de público, Insuficiência de políticas públicas, Impossibilidade de realização de aulas e cursos, Redução de alunos","Redução de salário, Realização de teletrabalho","Trabalhamos com público presencial e os professores recebem porcentagem por alunos. Na redução de público, hiuve redução de receita, mas os valores de manutenção foram os mesmos","As dificuldades enfrentadas foram agravados pela pandemia, Novas dificuldades sugiram com a pandemia",Interesse das pessoas por aulas tradicionais e não trabalhamos com padrões tradicionais das danças a dois,"Aulas de contato, de forma virtual ","Pensar em estratégias de ensino que fizessem sentido, de forma remota",Não,,Muito insatisfatório,,,Sim,"Burocracia, acesso, clareza nas informações",,"Incentivo, projetos de divulgação e ampliação do trabalho educacional da cultura, valorização da Arte-Educação",Muito Lento,Bom,"Os municípios não seguiram as orientações de facilitar o acesso aos recursos e o dinheiro não vai chegar nas bases, como prioridade. Aqui, está sendo digno de denunciar","Estou decepcionada! Demora absurda (ainda em primeira fase de avaliação), super burocrática e sem sentido. Parece contratação de serviço que vai ser pago com dinheiro de subsídio. Digno de denúncia, pois muitos espaços não vão receber por estarem fazendo verba de subsídio ter edital de concorrência entre os espaços","Não há incentivo para que o público conheça ou tenha acesso a cultura, como área de conhecimento e desenvolvimento. Toda e qualquer área da cultura e acesso a arte é importante, tão prioritário quanto ir a escola. Por ser uma escola particular, específica de dança de Salão e em bairro, não no centro, acaba por ser restrito o aceso a quem conhece ou recebe indicação, mas a metodologia da escola é inclusiva e agregadora, voltada para a formação humana.    ","O desrespeito às Artes e aos ARTISTAS, assim como aos educadores e educadoras, mostra o valor de um país. Sinto orgulho da minha profissão, mas vergonha desse país!","Autorizo a integral utilização e publicização, de acordo com a conveniência, das informações prestadas na pesquisa realizada, exclusivamente para fins acadêmicos, sem a divulgação da identidade do espaço."
Escola de Danças Studio D1,Rua Carlos Pioli 144,"Sim, com escolas, Sim, com empresa privada","Formação de público, Fidelização de novos alunos","Pagamento de contas para a manutenção do espaço físico, Pagamento de salário dos funcionários, Pagamento de despesas administrativas (contador, taxas fiscais, website, etc), Formação de público, Impossibilidade de realização de eventos, Impossibilidade de realização de aulas e cursos, Impossibilidade de realização de ensaios, Redução de alunos","Demissão, Redução de salário, Redução de jornada de trabalho",,Novas dificuldades sugiram com a pandemia,Diminuição no numero de alunos dificulta a receita e pgto de pró-labore,CAptação de alunos,"Reduzir o número de alunos por causa do distanciamento. Algumas turmas tinha mais de 25 alunos e agora só podemos , por segurança, colocar 15 em sala",Sim,Parceria com a Prefeitura e Governo do Estado na realização de Eventos.,Nem satisfatório/Nem insatisfatório,"Estamos inscritos em Programas de repasse de renda relativos à Lei Aldir blanc, porém ainda não recebemos nada.",,Sim,Burocracia  muito grande,Aguardando o resultado dos Editais para poder responder essa pergunta,Apoio para nos mantermos e para produzirmos novos Espetáculos,Lento,Bom,"O valor vai ajudar a nos manter, mas não sabemos se seremos contemplados",Espero que a PMC tenha a sensibilidade e a empatia para nos apoiar. Somo uma das maiores Escolas de Dança de Curitiba e esse apoio será fundamental para a continuidade das nossas atividades e manutenção dos empregos.,"A arte gera alegria, satisfação e bem estar para os que a fazem e os que a ""consomem"". É de grande importância e faz parte da natureza humana.  Curitiba é um grande celeiro de talentos e um centro de muitas criações artisticas. Espero que consigamos nos manter...",,"Autorizo a integral utilização e publicização, de acordo com a conveniência, das informações prestadas na pesquisa realizada, exclusivamente para fins acadêmicos, sem a divulgação da identidade do espaço."
La Belle Dance,"Travessa augusto Marach, 79 Novo Mundo","Sim, com escolas","Pagamento de aluguel do espaço, Produção de conteúdo virtual, Alimentação de redes sociais, Insuficiência de políticas públicas","Pagamento de aluguel do espaço, Pagamento de contas para a manutenção do espaço físico, Impossibilidade de realização de eventos, Impossibilidade de realização de aulas e cursos, Impossibilidade de realização de ensaios, Adequação dos espaços físicos para abertura do espaço de acordo com normas sanitárias, Redução de alunos","Demissão, Redução de jornada de trabalho, Realização de teletrabalho",Pandemia COVID-19,"As dificuldades enfrentadas foram agravados pela pandemia, Novas dificuldades sugiram com a pandemia",Pagamento das despesas,impossibilidade de realizar eventos,Aula Hibrida,Não,,,,,Sim,Poucos editais para a área da dança e os que surgem são mau elaborados,Não,"Editais elaborados especificamente para espaços, e auxílio em eventos, ex. baixas taxas de locação de teatro.",Rápido,Bom,"A lei foi bem elaborada, porem com algumas brechas que possibilitaram a dificuldade no repasse.",Na cidade de Curitiba a FCC formulou o repasse através de projeto e não de decreto. E para não ter o trabalho minucioso de avaliar as despesas dos espaços deixaram valores de cotas únicas. Ou seja repasse mau distribuido,A escola em seus eventos movimenta uma grande cadeia de trabalhadores formais e informais. as escolas da Rede Sagrado oferta bolsa para alunos que já são bolsistas na rede.,,"Autorizo a integral utilização e publicização, de acordo com a conveniência, das informações prestadas na pesquisa realizada, exclusivamente para fins acadêmicos."
Círculo Galeria e Arte ,"Alameda Presidente Taunay, 314. ",Não,"Pagamento de aluguel do espaço, Pagamento de salário dos funcionários, Alimentação de redes sociais, Fidelização de novos alunos","Pagamento de aluguel do espaço, Pagamento de contas para a manutenção do espaço físico, Alimentação de redes sociais, Formação de público, Insuficiência de políticas públicas, Impossibilidade de realização de eventos, Impossibilidade de realização de aulas e cursos, Adequação dos espaços físicos para abertura do espaço de acordo com normas sanitárias, Redução de arrecadação financeira de doações, Redução de arrecadação financeira do café/bar","Demissão, Redução de jornada de trabalho","Falta de receita, resulta em demissões, e diminuição da jornada de trabalho, pois só ficou uma pessoas trabalhando. ",As dificuldades enfrentadas foram agravados pela pandemia,Dificuldade em gerar receita. ,Nao poder fazer festas nem cursos presenciais. ,Cursos online ,Não,,,,,Sim,"Falta de entendimento dos editais, muita documentação. ",Nao ,,Normal,Bom,"Negativos: Muitas documentos, e muito projeto para escrever. ",Muito demorada ,"Participação da comunidade, acho essencial. ",,"Autorizo a integral utilização e publicização, de acordo com a conveniência, das informações prestadas na pesquisa realizada, exclusivamente para fins acadêmicos."
Centro Cultural Todo Tango ,Rua Alferes Poli 1651 Rebouças ,"Sim, com escolas","Pagamento de contas para a manutenção do espaço físico, Pagamento de salário dos funcionários, Pagamento de despesas administrativas (contador, taxas fiscais, website, etc), Fidelização de novos alunos","Pagamento de contas para a manutenção do espaço físico, Pagamento de salário dos funcionários, Pagamento de despesas administrativas (contador, taxas fiscais, website, etc), Formação de público, Insuficiência de políticas públicas, Fidelização de novos alunos, Impossibilidade de realização de eventos, Impossibilidade de realização de aulas e cursos, Impossibilidade de realização de ensaios, Redução de alunos, Redução de arrecadação financeira de doações, Redução de arrecadação financeira do café/bar","Demissão, Redução de jornada de trabalho",Impossibilidade de atividades ,Novas dificuldades sugiram com a pandemia,"Cancelamento de eventos, cancelamento de aulas, seminários e cursos.",Falta de receita para a manutenção do espaço ,Distância Social,Não,,,,,Sim,Muita burocracia ,Não ,Apoio efetivo em todos os eventos culturais ,Muito Lento,Ótimo,"Positivo: disponibilidade de verbas
Negativo: burocracia para o acesso aos subsídios ",A implementação está lenta e burocrática demais,"O Centro Cultural Todo Tango tem como :
Missão Causar impacto positivo e transformador a partir da consciência corporal, auto estima e socialização que o aprendizado e vivência do Tango promovem como dança, música, canto e poesia. 
Tendo como valores o desenvolvimento e valorização da Cultura e da arte do Tango. ",,"Autorizo a integral utilização e publicização, de acordo com a conveniência, das informações prestadas na pesquisa realizada, exclusivamente para fins acadêmicos."
Têmpora Criativa,"Av. Manoel Ribas 297, sala 1","Sim, com empresa privada","Pagamento de aluguel do espaço, Pagamento de contas para a manutenção do espaço físico, Formação de público","Pagamento de aluguel do espaço, Pagamento de contas para a manutenção do espaço físico, Impossibilidade de realização de eventos, Impossibilidade de realização de aulas e cursos",Realização de teletrabalho,,Novas dificuldades sugiram com a pandemia,,Aprender a ministrar aulas através de videoconferência ,,Não,,,,,Não,,"Não, apenas para desenvolvimento de produtos culturais.","Fora da pandemia, não esperamos por nenhuma politica pública de subsídio.",Muito Lento,Não sabe opinar,"Não sabemos informar, não passamos por todo o processo.",Realizada de forma correta. ,"Não tivemos tempo suficiente de passar por essa experiência, pois abrimos em setembro de 2019.",,"Autorizo a integral utilização e publicização, de acordo com a conveniência, das informações prestadas na pesquisa realizada, exclusivamente para fins acadêmicos, sem a divulgação da identidade do espaço."
BICICLETARIA CULTURAL,"rua pres.faria, 226 centro","Sim, com escolas, Sim, com a administração pública, Sim, com empresa privada","Pagamento de salário dos funcionários, Pagamento de despesas administrativas (contador, taxas fiscais, website, etc), Alimentação de redes sociais, Insuficiência de políticas públicas","Pagamento de aluguel do espaço, Pagamento de contas para a manutenção do espaço físico, Pagamento de salário dos funcionários, Pagamento de despesas administrativas (contador, taxas fiscais, website, etc), Adequação dos espaços físicos para abertura do espaço de acordo com normas sanitárias, Redução de arrecadação financeira do café/bar",Redução de jornada de trabalho,"antes eram 12h diárias, passou para 8h",Novas dificuldades sugiram com a pandemia,,"mudança de público, circuclação de pessoas e escassez de fornecimentos","mudança de público, circuclação de pessoas e escassez de fornecimentos",Não,,,,,Sim,"distanciamento do modus operandi de um espaço cultural que a renda é imprevisível, que trabalha de acordo com projetos coletivos, de  trabalho intenso em todas as etapas e de maneira independente. Não alcança a dinâmica do empreendimento, não  gera formação de público exigindo de espaços culturais grandiosos e de grandes corporações explicação do sistema que os subsidia, não incentiva a cultura popular e autoral. ","há editais, no entanto, eles parecem que não se renovam ou não chegam em campos alternativos.","que acompanhe em visitas, encontre editais de acordo com a dinamica - permitindo informalidades, divulgue midia gratuitamente e grande tiragem, facilite eventos em espaços públicos, gere estratégias para formação de público de pensamento critico e criativo, incentivando poética e reutilização de materiais",Lento,Péssimo,"positivo que exista, e que queira realmente contactar grupos culturais, unificando inclusive a categoria de artistas e culturas de raiz. Pessimo o acesso ao beneficio, tendo que se cadastrar 3 editais diferentes (sisprofice, a lei aldir blanc o edital da fcc) para estar apto a receber benefício com a incrivel má vontade do periodo de 1 semana.  ","a dificuldade de preencher apesar dos esforços de colegas (por conta própria) que se dispuseram pra ajudar, apesar dos docs requisitados dubios e orçamento incerto, com prestação de contas. infelizmente não fomos contemplados.   há muito para cobrir e ainda para garantir, dificil de comprovar.",temos intima relação com espaço urbano e vizinhança,"gostaria de que pela participação, tenhamos acesso ao andamento e apresentação de sua pesquisa, disponibilizamos espaço digital e fisico inclusive., se precisar ","Autorizo a integral utilização e publicização, de acordo com a conveniência, das informações prestadas na pesquisa realizada, exclusivamente para fins acadêmicos, sem a divulgação da identidade do espaço."
Casa Selvática,Nunes Machado 950,"Sim, com empresa privada","Pagamento de aluguel do espaço, Pagamento de contas para a manutenção do espaço físico, Insuficiência de políticas públicas","Pagamento de aluguel do espaço, Pagamento de contas para a manutenção do espaço físico, Pagamento de despesas administrativas (contador, taxas fiscais, website, etc), Insuficiência de políticas públicas, Impossibilidade de realização de eventos, Impossibilidade de realização de aulas e cursos, Impossibilidade de realização de ensaios, Redução de arrecadação financeira do café/bar",Não houve,,"As dificuldades enfrentadas foram agravados pela pandemia, Novas dificuldades sugiram com a pandemia",estamos fechados e isso nos impossibilita de exercer 99% das nossas atividades,idem,criar um conteúdo interessante e diferenciado para não ser mais uma das milhares de lives que acontecem diariamente,Não,,Nem satisfatório/Nem insatisfatório,,,Sim,são extremamente burocráticas e de difícil acesso a informação sobre novos editais,deveriam mas na prática pouco fazem.,"Tarifas de luz e água fraternas, descontos em impostos como IPTU",Muito Lento,Regular,"Positivo é que ela existe. Negativo, tempo de legislação para a lei entrar em vigor, baixíssima divulgação nas mídias como TV, Radio ou mesmo Internet, editais burocráticos e excludentes.",a exigência de contrapartida social de um dinheiro que será usado pelos espaços para pagar dívidas faz com que os espaços sejam obrigados a desenvolver algum projeto trabalhando gratuitamente para o espaço. O dinheiro volta para os cofres públicos pelo pagamento de contas como luz e água e a contrapartida fica por conta das pessoas disponibilizarem seu tempo de trabalho gratuitamente o que é totalmente injusto. ,"A casa selvática é um espaço fluído que sempre esteve aberta a todos os artistas e propostas. Localizada no bairro do Rebouças e quase na esquina com a Getúlio Vargas a casa já se debruçou varias vezes para receber e criar projetos de apoio as garotas transexuais que se prostituem na Getúlio. Nosso espaço sempre foi democrático e com pesquisas sérias. Recebemos artistas de diversas cidades do Brasil e de fora, e trazemos eventos gratuitos e de fácil acesso para a população curitibana decentralizando a cultura apenas do centro histórico da cidade.",,"Autorizo a integral utilização e publicização, de acordo com a conveniência, das informações prestadas na pesquisa realizada, exclusivamente para fins acadêmicos, sem a divulgação da identidade do espaço."
Espaço Excêntrico,"Rua Lamenha Lins, 1429, Rebouças",Não,"Pagamento de contas para a manutenção do espaço físico, Pagamento de despesas administrativas (contador, taxas fiscais, website, etc), Produção de conteúdo virtual, Formação de público, Insuficiência de políticas públicas","Pagamento de contas para a manutenção do espaço físico, Pagamento de despesas administrativas (contador, taxas fiscais, website, etc), Produção de conteúdo virtual, Insuficiência de políticas públicas, Impossibilidade de realização de eventos, Impossibilidade de realização de aulas e cursos, Impossibilidade de realização de ensaios, Redução de alunos","Redução de salário, Redução de jornada de trabalho",Sem atividades presenciais,As dificuldades enfrentadas foram agravados pela pandemia,Busca por novas atividades capazes de sustentar o espaço,,Transformar aulas presenciais em virtuais,Sim,Na totalidade das vezes o benefício veio em forma de aluguel para desenvolvimento de projeto de lei de incentivo. Nunca foi um apoio concedido diretamente ao espaço.,Nem satisfatório/Nem insatisfatório,Os pequenos benefícios em forma de aluguel sempre deram um momento de respiro financeiro.,Nunca tivemos benefícios para espaços.,Sim,Os modelos de apoio; inexistência de apoios para espaços culturais; ,"Não diretamente. Indiretamente, as leis de incentivo levam espetáculos que injetam certo valor nos espaços. ","Uma política que faça ponte entre espaços culturais e trabalhadores da arte. Uma política que garanta uma subsistência dos espaços, que teriam como contrapartida facilitar a utilização destes espaços por artistas e grupos artístcos. Ex.: políticas que subsidiem ingressos, baixando o custo de espaços e artistas.  ",Muito Lento,Não sabe opinar,"Esta tudo em andamento, não recebemos nada ainda, não posso, portato, dar nenhma opinião.",Não tenho opinião formada ainda.,"Durante 26 anos a Escola do Ator Cômico vem gerando encontros em torno das suas aulas de teatro. Muitas mudanças são provocadas na vida das pessoas. Mundos se transformam, vidas retomam vínculos, indivíduos entendem a importância das relações coletivas. Muito se debate, muito se pratica. Destes 26 anos, 20 aconteceram no Espaço Excêntrio. Aqui coletamos ága da chuva, para gastos internos, fazemos compostagem do lixo orgânico, separamos o lixo e mantemos uma vegetação cobrindo parte do espaço, mantendo a presença da polinização das abelhas e com presença marcante de pássaros e várias espécies. A cultura se dá de forma ampla, trazendo para o e mesmo espaço a presença intensa da vida com reformulações culturais.
","Espaços culturais são fundamentais na manutenção da vida na cidade, pois promovem a socialização, a reflexão, o entretenimento, criando uma cultura de encontros que positivam e valorizam a vida. a vida tem necessidade de ser constantemente revisitada com ideias e práticas que possiblitem sua expansão. Espaços culutais são esses espaços de convergência.","Autorizo a integral utilização e publicização, de acordo com a conveniência, das informações prestadas na pesquisa realizada, exclusivamente para fins acadêmicos."
Street Extreme escola de dança,Padre Anchieta 884,"Sim, com escolas, Sim, com empresa privada",Estava com um ótimo funcionamento,Pagamento de aluguel do espaço,"Redução de salário, Redução de jornada de trabalho, Realização de teletrabalho",,Novas dificuldades sugiram com a pandemia,,dificuldade de entrada de dinheiro para pagamento das contas,o real problema é manter a sede aberta que hoje esta correndo o risco de fechar,Não,,Nem satisfatório/Nem insatisfatório,,,Sim,"burocracia, centralização má distribuição, baixo investimento",não. servem no máximo para ajuda de custo de alguns profissionais da arte e cultura.,"auxilio nos momentos de crises econômicas, mais acessibilidade, menos burocracia, mais oportunidades",Muito Lento,Bom,"Falando específicamente de Curitiba, os pontos negativos partiram do próprio município pela demora na aplicação e pelas burocratizações impostas pela FCC o que dificultou o acesso, fez com que muitas pessoas e equipamentos desistissem de tentar a verba e consequentemente colaborou com a extinção dos mesmos.  Essas mesmas questões não observei em outros lugares mesmo grandes capitais como São Paulo e Rio",Uma das piores se não a pior que pude acompanhar,,"sabemos que existem várias preocupações por parte da FCC principalmente no que se refere a prestação de contas. Porém, também se observa uma certa preguiça, comodismo ou falta de atenção na hora de estipular as regras quando vemos que algumas coisas pedidas para subsídio não se aplicariam a fomento ou vice-versa. ","Autorizo a integral utilização e publicização, de acordo com a conveniência, das informações prestadas na pesquisa realizada, exclusivamente para fins acadêmicos."
Galeria Ponto de Fuga,Saldanha Marinho 1220,"Sim, com escolas, Sim, com a administração pública, Sim, com empresa privada","Pagamento de aluguel do espaço, Pagamento de contas para a manutenção do espaço físico, Pagamento de salário dos funcionários, Pagamento de despesas administrativas (contador, taxas fiscais, website, etc), Alimentação de redes sociais, Insuficiência de políticas públicas, Fidelização de novos alunos","Pagamento de aluguel do espaço, Pagamento de contas para a manutenção do espaço físico, Pagamento de salário dos funcionários, Pagamento de despesas administrativas (contador, taxas fiscais, website, etc), Insuficiência de políticas públicas, Redução de arrecadação financeira do café/bar, A Galeria Ponto de Fuga funciona junto com o Ginger Bar e bpa parte da arrecadação foi comprometida pois o setor gastronômico goi muito afetaro pela pandemia ","Redução de jornada de trabalho, Realização de teletrabalho",Dificuldade de pagamento do salário e teletrabalho por conta do distanciamento social,"As dificuldades enfrentadas foram agravados pela pandemia, Novas dificuldades sugiram com a pandemia","Aumento de dificuldades financeiras pelo fechamento do espaço físico pra circulação de pessoas e  pela queda na arrecadação tanto da Galeria quanto do Bar, como citado anteriormente.",Adaptação e criação de produtos para o espaço virtual ,"Adaptação pro ambiente virtual, falta de recursos",Sim,Editais de incentivo à cultura e produções culturais.,Satisfatório,"Incentivo à cultura, produções culturais e espaços culturais",,Não,,"Sim, contribuem muito e são muito importantes no âmbito cultural da xidade",Políticas públicas que visem apoiar os pequenos locais e incentivar o circuito cultural local,Lento,Regular,Lei importantíssima pra manutenção dos trabalhadores da cultura e espaços culturais. Demorou muito pra ser aplicada.,"Lei importante com incentivos importantes. Demora para aplicação, muitos dos editais estão ocorrendo somente agora, enquanto o setor cultural está aofrendo desde março.","O setor cultural, os trabalhadores e o espaço são de extrema importancia para a socidade. Vivemos em jm momento de geande sucateamento da cultura e das políticas públicas de assistência à ela. Um espaço cultural cumpre funções sociaia e econômicas, sendo responsável por trazer a cultura e a arte pra dentro da cidade, da discussao e do debate.",Pesquisa super importante e pertinente.,"Autorizo a integral utilização e publicização, de acordo com a conveniência, das informações prestadas na pesquisa realizada, exclusivamente para fins acadêmicos."
Laboratório de criação Araucária,"R. Des. Benvindo Valente, 270, São Francisco, Curitiba.",Não,"Produção de conteúdo virtual, Alimentação de redes sociais, Insuficiência de políticas públicas","Pagamento de aluguel do espaço, Pagamento de contas para a manutenção do espaço físico, Produção de conteúdo virtual, Alimentação de redes sociais, Insuficiência de políticas públicas, Impossibilidade de realização de eventos, Impossibilidade de realização de aulas e cursos, Redução de alunos",Realização de teletrabalho,Impossibilidade do uso do espaço físico.,"As dificuldades enfrentadas foram agravados pela pandemia, Novas dificuldades sugiram com a pandemia",,"Cursos e oficinas ""mão na massa"" ou que necessitam de equipamentos específicos não podem ser recriadas no ambiente virtual.","A receita baseada em cursos e oficinas presenciais foi zerada, as atividades virtuais são poucas.",Sim,Editais de arte e cultura.,Satisfatório,Geração de receita.,Demora no pagamento.,Não,,Os editais que participamos foram essenciais para a abertura do espaço antes da pandemia e os editais emergenciais foram de grande ajuda durante a pandemia.,"Creio que o desenvolvimento e a manutenção de artifícios que facilitem e colaborem para a criação e a existência de espaços culturais, como descontos em taxas, impostos, menos burocracia para os pequenos grupos, investimento em projetos através de mais editais, etc. ",Rápido,Regular,"Grande número de prêmios / Valor baixo, tempo de abertura muito pequeno, demora no pagamento, falta de divulgação.",,"Temos a intenção de ser um espaço aberto e acessível tanto presencialmente quanto digitalmente. Oferecemos cursos gratuitos, conversas e outros eventos de maneira livre. ",,"Autorizo a integral utilização e publicização, de acordo com a conveniência, das informações prestadas na pesquisa realizada, exclusivamente para fins acadêmicos, sem a divulgação da identidade do espaço."
Casa Baquetá,"Rua Suboficial Sebastião de Freitas, n10. Pilarzinho. Curitiba",Não,"Pagamento de despesas administrativas (contador, taxas fiscais, website, etc), Produção de conteúdo virtual","Pagamento de contas para a manutenção do espaço físico, Pagamento de despesas administrativas (contador, taxas fiscais, website, etc), Formação de público, Impossibilidade de realização de eventos, Impossibilidade de realização de ensaios",Redução de salário,por falta de  eventos remunerados,"As dificuldades enfrentadas foram agravados pela pandemia, Novas dificuldades sugiram com a pandemia",,,,Sim,editais,Satisfatório,manutenção financeira/ divulgação do grupo,,Sim,excesso de burocracia,,,Muito Lento,Bom,,,,,"Autorizo a integral utilização e publicização, de acordo com a conveniência, das informações prestadas na pesquisa realizada, exclusivamente para fins acadêmicos."
Mahallo,Conde dos arcos 1148 Lindóia Curitiba,Não,Insuficiência de políticas públicas,"Pagamento de aluguel do espaço, Pagamento de contas para a manutenção do espaço físico, Pagamento de salário dos funcionários, Pagamento de despesas administrativas (contador, taxas fiscais, website, etc), Alimentação de redes sociais, Fidelização de novos alunos, Impossibilidade de realização de eventos, Impossibilidade de realização de aulas e cursos, Impossibilidade de realização de ensaios, Redução de alunos","Demissão, Redução de jornada de trabalho",,"As dificuldades enfrentadas foram agravados pela pandemia, Novas dificuldades sugiram com a pandemia",,,Fechamento das atividades,Não,,,,,Sim,,,Diálogo,Muito Lento,Péssimo,"Positivos. Possível ajuda
Negativo, problema na identificação de espaços que necessitam realmente do apoio. Demora em repasse.",,,,"Autorizo a integral utilização e publicização, de acordo com a conveniência, das informações prestadas na pesquisa realizada, exclusivamente para fins acadêmicos."
Teatro Barracão EnCena,"Rua Treze de Maio, 160","Sim, com escolas, Sim, com empresa privada","Formação de público, Insuficiência de políticas públicas","Pagamento de aluguel do espaço, Pagamento de contas para a manutenção do espaço físico, Pagamento de salário dos funcionários, Pagamento de despesas administrativas (contador, taxas fiscais, website, etc), Insuficiência de políticas públicas, Fidelização de novos alunos, Impossibilidade de realização de eventos, Impossibilidade de realização de aulas e cursos, Impossibilidade de realização de ensaios, Redução de alunos, Redução de arrecadação financeira do café/bar","Redução de jornada de trabalho, Realização de teletrabalho","Redução de trabalho em alguns setores, como limpeza e atendimento do Café.",Novas dificuldades sugiram com a pandemia,,Captação de alunos e redução de trabalhos realizados.,Cursos online.,Sim,Rouanet,Insatisfatório,Verba para execução de projetos.,Dificuldade de captação de recursos.,Sim,"Poucos projetos contemplados e sempre os mesmos proponentes,",Não,Mais abrangente e menos direcionada para alguns espaços/grupos.,Muito Lento,Regular,"Positivo: Ajudou pequenos grupos  Negativo: Insuficiente para espaços de maior custo. No nosso caso, menos de 2% das despesas anuais.","Beneficiou os espaços informais e de baixíssimo custo, sendo totalmente ineficaz para espaços de um porte um pouco maior.","Ocupação de uma área degradada da cidade, criação de um centro de artes e ensino no centro da cidade com baixo custo para os participantes.",,"Autorizo a integral utilização e publicização, de acordo com a conveniência, das informações prestadas na pesquisa realizada, exclusivamente para fins acadêmicos."
Amusic,Rua Engenheiro Teodoro Sampaio 58,Não,"Pagamento de contas para a manutenção do espaço físico, Pagamento de despesas administrativas (contador, taxas fiscais, website, etc), Produção de conteúdo virtual, Alimentação de redes sociais, Formação de público, Insuficiência de políticas públicas","Pagamento de contas para a manutenção do espaço físico, Pagamento de salário dos funcionários, Pagamento de despesas administrativas (contador, taxas fiscais, website, etc), Produção de conteúdo virtual, Alimentação de redes sociais, Formação de público, Insuficiência de políticas públicas, Fidelização de novos alunos, Impossibilidade de realização de eventos, Impossibilidade de realização de aulas e cursos, Impossibilidade de realização de ensaios, Adequação dos espaços físicos para abertura do espaço de acordo com normas sanitárias, Redução de alunos","Redução de jornada de trabalho, Realização de teletrabalho",,"As dificuldades enfrentadas foram agravados pela pandemia, Novas dificuldades sugiram com a pandemia","Fechamento e por conseqüência, evasão dos alunos que não adaptaram no online",,Limite de alunos em sala ,Não,,Insatisfatório,,,Sim,"Em análise desde que abriu a solicitação da lei aldir blanc, sem acesso para informações. ",Não ,Subsídio e redução de impostos para cultura e educação.,Muito Lento,Péssimo,"Demora em atender as necessidades, difícil acesso para esclarecimentos.",Estamos abandonados.,,,"Autorizo a integral utilização e publicização, de acordo com a conveniência, das informações prestadas na pesquisa realizada, exclusivamente para fins acadêmicos, sem a divulgação da identidade do espaço."
Ave Lola e as Meninas Produções Artísticas LTDA - ME. ,"Rua Marechal Deodoro, 1227. ","Sim, com escolas, Sim, com bibliotecas, Sim, com a administração pública, Sim, com empresa privada","Pagamento de contas para a manutenção do espaço físico, Pagamento de despesas administrativas (contador, taxas fiscais, website, etc)","Pagamento de aluguel do espaço, Pagamento de contas para a manutenção do espaço físico, Pagamento de salário dos funcionários, Impossibilidade de realização de eventos, Impossibilidade de realização de aulas e cursos, Impossibilidade de realização de ensaios, Redução de arrecadação financeira do café/bar",Não houve,,Novas dificuldades sugiram com a pandemia,,A necessidade de adaptar os projetos culturais para o formato online. ,Transpor para o online a linguagem teatral. ,Sim,Lei de Incentivo à Cultura / Lei Municipal,Satisfatório,"Apesar da dificuldade para captar os projetos, essa é uma forma segura de executar as ações culturais com uma estrutura digna, possibilitando a contratação de uma equipe profissional e capacitada. ",Normalmente temos dificuldades de comunicação com os órgãos federais e municipais.  ,Sim,"Teoricamente, elas não são de difícil acesso. Muitas pessoas conseguem se inscrever, porém o que é complexo é que é muito concorrido. No caso do Mecenato Subsidiado do município, pouquíssimos projetos são contemplados. Há uma necessidade urgente de aumentar o valor orçamentário direcionado para a cultura tanto no âmbito municipal quanto estadual. ",Sim!,O fomento da produção cultural a fim de democratizar o acesso às artes. ,Muito Lento,Regular,Acho que o que mais prejudicou a aplicação da Lei Aldir Blanc foi a falta de equipe técnica e administrativa suficiente para administrar de maneira mais ágil a criação e administração dos projetos. Até o presente momento ainda não recebemos nenhum valor referente aos editais da Audir Blanc. ,"Foi um projeto de suma importância para a manutenção do espaços, porém ainda está em tramitação. ",Os espaços culturais são o bem simbólico de uma cidade. Mantê-los vivo é uma necessidade para todos. ,,"Autorizo a integral utilização e publicização, de acordo com a conveniência, das informações prestadas na pesquisa realizada, exclusivamente para fins acadêmicos."
Alfaiataria Espaço de Artes,Rua Riachuelo 274 - Curitiba/PR,"Sim, com escolas","Pagamento de contas para a manutenção do espaço físico, Pagamento de salário dos funcionários, Alimentação de redes sociais, Insuficiência de políticas públicas","Pagamento de contas para a manutenção do espaço físico, Pagamento de salário dos funcionários, Insuficiência de políticas públicas, Impossibilidade de realização de eventos, Impossibilidade de realização de aulas e cursos, Adequação dos espaços físicos para abertura do espaço de acordo com normas sanitárias",Redução de jornada de trabalho,Redução na manutenção da limpeza do espaço e contratação de técnicos que trabalham por diária.,"As dificuldades enfrentadas foram agravados pela pandemia, Novas dificuldades sugiram com a pandemia",Financeira,,Lidar com as incertezas de retomada das atividades. Falta de conhecimento em monetização com atividades na internet. Falta de diálogo e incentivo do poder público,Sim,Lei de Incentivo em projetos.,Insatisfatório,Possibilidade de programação diferenciada.,Não existe política pública que promova continuidade nas atividades e assim gerar um impacto local e social.,Sim,Plataformas e sistemas que não funcionam corretamente. Exigências que burocratizam os processos de acesso a verba pública. Falta de política pública direcionada especificamente a espaços culturais independentes.,"Não, as políticas culturais proporcionam programações, mais não há um incentivo contínuo para que espaços possam realizar suas programações a longo prazo.",Desejamos uma política pública que apoie os espaços independentes para que haja possibilidade de projetos a longo prazo que dialoguem continuamente com o local e a cidade.,Lento,Ruim,"A Lei tem aspectos positivos, no entanto estamos em novembro e até o momento não tivemos acesso ao incentivo. Os editais se tornaram burocráticos e excludentes. As exigências do poder público não apresentam uma facilidade de acesso como deveria ser de uma verba emergencial. ",No caso do subsídio para espaços culturais o edital contemplava a manutenção dos espaços mas não permitia o pagamento de funcionários e nem a realização de programações que pudessem manter os espaços funcionando remotamente ou contratando artistas e técnicos impactados pela pandemia.,"Espaços privados e independetes tem que lidar com a questão de terem natureza privada mas muitas vezes terem finalidade pública. As leis de incentivo propiciam uma programação gratuita ou de menor custo. Criar uma programação diversificada e divulgar de ""porta em porta"" ou trabalhar as especificidades do local onde a instituição está é um trabalho necessário.",,"Autorizo a integral utilização e publicização, de acordo com a conveniência, das informações prestadas na pesquisa realizada, exclusivamente para fins acadêmicos."
Espaço Antropofocus,"Avenida Sete de Setembro, 2620",Não,"Pagamento de aluguel do espaço, Pagamento de contas para a manutenção do espaço físico, Pagamento de despesas administrativas (contador, taxas fiscais, website, etc), Alimentação de redes sociais, Formação de público, Fidelização de novos alunos","Pagamento de aluguel do espaço, Pagamento de contas para a manutenção do espaço físico, Pagamento de despesas administrativas (contador, taxas fiscais, website, etc), Produção de conteúdo virtual, Alimentação de redes sociais, Formação de público, Insuficiência de políticas públicas, Fidelização de novos alunos, Impossibilidade de realização de eventos, Impossibilidade de realização de aulas e cursos, Impossibilidade de realização de ensaios",Não houve,,Novas dificuldades sugiram com a pandemia,Impossibilidade de prestar serviços de mesma natureza,,Descobrir formas de arrecadação que independam do auxílio público,Sim,"Lei de Mecenato, focada em montagem de espetáculo ou circulação",Satisfatório,"Tempo de ensaio, sem remuneração, significa que enquanto se cria você tem que buscar formas de continuar sobrevivendo. Leis de Incentivo permitem que a gente possa considerar que, por um período, o ensaio é o trabalho. Permite o foco na criação, te dá margem pra errar. Caso contrário seu tempo fica dividido em jornada dupla ou tripla, e você acaba não aprimorando o novo trabalho o suficiente.","Existe um excesso de burocracia que visa diminuir desvios de verba, mas que deveriam passar por novos caminhos para serem averiguados em tempos digitais. ",Sim,Excesso de burocracia.,"Não, elas inexistem para espaços. Alguns grupos fazem manobras orçamentárias em que parte do dinheiro do projeto colabore com a manutenção de seus espaços.","Um auxílio amplo para espaços da cidade, cuja abrangência fique amplificada, pois cultura sobrevive na diversidade",Muito Lento,Ruim,"Positivo: sua existência.
Negativo: a morosidade de sua implementação e a percepção de que, dentro da nosso política pública, estado e município não sabiam qual era o mapa cultural de suas localidades. Se não sabiam, estavam fazendo política pública se baseando em quê?",Só a esperança que auxilie os espaços a sobreviver essa tempestade ,,,"Autorizo a integral utilização e publicização, de acordo com a conveniência, das informações prestadas na pesquisa realizada, exclusivamente para fins acadêmicos, sem a divulgação da identidade do espaço."
Centro Cultural Boqueirão,Rua: José Guercheski 299/04/06,"Sim, com escolas, Sim, com a administração pública, Sim, com empresa privada","Pagamento de contas para a manutenção do espaço físico, Pagamento de salário dos funcionários, Pagamento de despesas administrativas (contador, taxas fiscais, website, etc), Produção de conteúdo virtual, Alimentação de redes sociais, Formação de público, Insuficiência de políticas públicas, Fidelização de novos alunos","Pagamento de contas para a manutenção do espaço físico, Pagamento de salário dos funcionários, Pagamento de despesas administrativas (contador, taxas fiscais, website, etc), Produção de conteúdo virtual, Alimentação de redes sociais, Formação de público, Insuficiência de políticas públicas, Impossibilidade de realização de eventos, Impossibilidade de realização de aulas e cursos, Impossibilidade de realização de ensaios, Redução de alunos, Redução de arrecadação financeira de doações",,,"As dificuldades enfrentadas foram agravados pela pandemia, Novas dificuldades sugiram com a pandemia","Havíamos feito uma reforma grande em 2019, na ocasião o espaço ficou fechado. Entramos em 2020 precisando equilibrar as dividas e aumentar a arrecadação. Com a pandemia, os problemas financeiros aumentaram. ",,"Nossas ações são ARTES CENICAS, precisamos de público presencial. Lives são caras e nem sempre conseguem captar 100% de qualidade. Traz insegurança e mais despesas.",Sim,"Acabamos de ganhar um ajuda emergencial de R$: 12.000,00 da lei Aldir Blanc",Nem satisfatório/Nem insatisfatório,Ajuda na manutenção ,Editais burocráticos e valores insuficientes para a proteção do espaço.,Sim,Editais burocráticos e com demoras nos pagamentos. ,"Em partes. Centros Culturais precisavam ter mais apoios, apoios diretos, tipo: convênios. ","Espero que exista convênios diretos, editais decentralizados de mecenatos e fundos de cultura. ",Muito Lento,Bom,Positivo: que trouxe auxilio financeiro - Negativo: muita burocracia. ,"A Lei é ótima e ajuda muito, porém, precisa de menos burocracias e mais agilidade. Espero que continue , mesmo após as chegadas das vacinas. Temo que o público desapareça das casas de culturas.","Nosso espaço é referência na descentralização da cultura no Brasil. Não cobramos ingressos, produzimos e promovemos arte de qualidade e nosso espaço encontra-se as margens da cidade de Curitiba. Numa região carente de politicas públicas de desenvolvimento humano.","A descentralização dos editais de cultura é algo extremante necessário e emergencial. A cultural é um direito de todos, mas, existe uma oferta de 90% ou mais nas regiões centrais. É preciso ter um olhar mais respeitoso para as culturas de bases comunitárias. O Brasil é rico em pluralidade e diversidade, mas, não investe o suficiente na promoção e na preservação da cultura de raiz. ","Autorizo a integral utilização e publicização, de acordo com a conveniência, das informações prestadas na pesquisa realizada, exclusivamente para fins acadêmicos."
casa do Damaceno,"Rua 13 de maio, 991 ",Não,"Pagamento de aluguel do espaço, Pagamento de contas para a manutenção do espaço físico, Pagamento de salário dos funcionários","Pagamento de aluguel do espaço, Pagamento de contas para a manutenção do espaço físico, Pagamento de salário dos funcionários, Pagamento de despesas administrativas (contador, taxas fiscais, website, etc), Impossibilidade de realização de eventos, Impossibilidade de realização de aulas e cursos, Impossibilidade de realização de ensaios","Redução de salário, Redução de jornada de trabalho",,"As dificuldades enfrentadas foram agravados pela pandemia, Novas dificuldades sugiram com a pandemia",,,,Sim,Indiretamente.  Locação do espaço para projetos aprovados em leis de incentivo,Nem satisfatório/Nem insatisfatório,Ajuda para pagamento dos custos de manutenção do espaço,,Não,,Sim. Através de editais voltados diretamente para os espaços.  E indiretamente através de necessidade de locação de espaços culturais para a realização de projetos culturais viabilizados pelas leis de incentivo,Incentivo na manutenção e continuidade das atividades realizadas pelo espaço. ,Normal,Bom,,,,,"Autorizo a integral utilização e publicização, de acordo com a conveniência, das informações prestadas na pesquisa realizada, exclusivamente para fins acadêmicos, sem a divulgação da identidade do espaço."
Companhia do Abração,"Rua Paulo Ildefonso Assumpção 725, Bacacheri","Sim, com escolas, Sim, com empresa privada","Pagamento de aluguel do espaço, Pagamento de despesas administrativas (contador, taxas fiscais, website, etc), Alimentação de redes sociais, Formação de público, Insuficiência de políticas públicas, Fidelização de novos alunos","Pagamento de aluguel do espaço, Pagamento de contas para a manutenção do espaço físico, Pagamento de salário dos funcionários, Pagamento de despesas administrativas (contador, taxas fiscais, website, etc), Formação de público, Insuficiência de políticas públicas, Fidelização de novos alunos, Impossibilidade de realização de eventos, Redução de alunos","Realização de teletrabalho, Houve 1 desistência",Trabalho remoto devido ao isolamento social.,"As dificuldades enfrentadas foram agravados pela pandemia, Novas dificuldades sugiram com a pandemia","O pior agravamento foi em relação à receita, pois todos os espetáculos presenciais foram cancelados, com isso nossa receita foi reduzida. Aos poucos as ""lives"" foram implementadas, porém em menos quantidade e com valores menores. ","Acreditamos que a maior dificuldade foi manter os alunos em um novo formato de curso, em uma plataforma online, que era nova até para nós mesmos.","A dificuldade técnica para realização das lives foi um grande desafio, foi necessário investir em equipamentos e adaptar os espetáculos para um formato online, além dos atores terem que se acostumar com as máscaras de proteção (faceshield). 
Atualmente nosso espaço continua fechado para receber público. ",Sim,"Por meio das leis de incentivo municipal, estadual e federal.",Satisfatório,Os projetos possibilitam a manutenção da equipe e do espaço.,"Não são eficientes no quesito de haver pouco recurso, ou, quando a legislação impede que todos os projetos aprovados sejam captados.",Sim,"Pouco recurso financeiro para a quantidade de projetos culturais inscritos.
Para quem está iniciando, são muitos empecilhos burocráticos.","Sim, porém em baixa medida, uma vez que não há recurso suficiente para a demanda que necessita, e raramente os editais são direcionados à manutenção dos espaços.","Esperamos uma Política Pública Cultural periódica que atenda as necessidades reais dos espaços culturais, possibilitando manter o espaço aberto à comunidade, podendo oferecer espetáculos e cursos de qualidade, visando a formação de plateia e engajamento da comunidade local.",Muito Lento,Regular,"Pontos positivos: Medida emergencial necessária para a classe artística que estava impossibilitada de trabalhar
Pontos negativos: Demorou para ser escrita e, após o surgimento, o edital demorou para ser publicado. Não houve total repasse da verba disponibilizada para os mecanismos da lei. Os editais eram extremamente burocráticos e a avaliação não era justa, para este momento em que todos necessitavam do recurso.","Foi um edital que surgiu em um momento em que todos estavam desamparados, porém, não na qualidade e urgência necessária. Além de que, ainda estamos em uma pandemia e os trabalhos não voltaram a ""normalidade"", ou seja, o recurso emergencial ainda se faz necessário em 2021.","- Em nossos projetos, oferecemos espetáculos gratuitos direcionados à escolas municipais e camadas menos assistidas da sociedade, bem como crianças em situação de risco e vulnerabilidade social, em parceria com a FAS e Secretaria Municipal da Educação;
- Tendo ou não projeto, mantemos bolsas de estudo no Núcleo de Teatro Amador;
- A bilheteria dos espetáculos são sempre à preços populares, quando não gratuito;
- A companhia costuma se apresentar nos núcleos regionais de cultura de Curitiba.",,"Autorizo a integral utilização e publicização, de acordo com a conveniência, das informações prestadas na pesquisa realizada, exclusivamente para fins acadêmicos, sem a divulgação da identidade do espaço."
Studio Dança Comigo ,Rua mexico 794,Não,"Pagamento de aluguel do espaço, Alimentação de redes sociais","Pagamento de aluguel do espaço, Pagamento de contas para a manutenção do espaço físico, Pagamento de salário dos funcionários, Pagamento de despesas administrativas (contador, taxas fiscais, website, etc), Fidelização de novos alunos, Impossibilidade de realização de eventos, Impossibilidade de realização de aulas e cursos, Impossibilidade de realização de ensaios, Adequação dos espaços físicos para abertura do espaço de acordo com normas sanitárias, Redução de alunos, Redução de arrecadação financeira de doações",Demissão,,Novas dificuldades sugiram com a pandemia,Pagamento de aluguel,,"A divindade da dança a dois ser com contato físico, tento q fechar nossas aulas só para casais, nosso maior número de alunos era de públicos individuais",Sim,Lei adir blanc,Nem satisfatório/Nem insatisfatório,"Consegui pagar o aluguel desse período, com a ajuda do dono do imóvel q nos deu um desconto de 50%, caso ele n tivesse nos ajudado com esse desconto o valor oferecido pelo cavernosa pagaria 3 meses do nosso aluguel e só isso, pois todas as contas extras tivemos q desembolsar de outra atividade (durante esse período para ajudar com os custos da escola trabalhei com entregas de.alimentos) ",,Não sei responder.,,,,Muito Lento,Regular,"Positivo que graças a ele n fechei a escola, negativo é que demorou muito e caso o dono do imóvel fosse menos flexível teria perdido o imóvel m","Acho q deveríamos ter recebido pelo menos mais uma parcela, foi distribuído um valor muito baixo, o qual n paga os custos básicos da empresa",,,"Autorizo a integral utilização e publicização, de acordo com a conveniência, das informações prestadas na pesquisa realizada, exclusivamente para fins acadêmicos, sem a divulgação da identidade do espaço."
Ponte Musical,"Rua Cleto da Silva 211, Boqueirão ",Não,Fidelização de novos alunos,"Pagamento de aluguel do espaço, Pagamento de contas para a manutenção do espaço físico, Pagamento de salário dos funcionários, Pagamento de despesas administrativas (contador, taxas fiscais, website, etc), Produção de conteúdo virtual, Alimentação de redes sociais, Formação de público, Insuficiência de políticas públicas, Fidelização de novos alunos, Impossibilidade de realização de eventos, Impossibilidade de realização de aulas e cursos, Impossibilidade de realização de ensaios, Adequação dos espaços físicos para abertura do espaço de acordo com normas sanitárias, Redução de alunos",Não houve,,Não se verificaram novos problemas com a pandemia,,,Oferecer cursos online ,Sim,Subsídio Adlir Blanc ,Satisfatório,"Com o benefício foi possível colocar as despesas de aluguel, água, luz entre outras em dia assim impedindo o fechamento da escola de música.","A borucracia para conseguir o benefício se estende, assim atrasando o pagamento das despesas.",Sim,"A liberação do beneficio demorou  em torno de 3 meses, com isso atrasa as despesas fixas da escola de música.","Sim, no caso da pandemia pois ajuda a manter os espaços culturais como: escola de música  entre outros.","Incentivo para divulgar a escola de música, principalmente alguma parceria entre o governo e as escolas públicas para que alunos possam ter a oportunidade de aprender a tocar um instrumento musical.",Muito Lento,Bom,"Ponto positivo que o auxílio ajudou que a escola Ponte Musical não fechasse as portas, e negativo e muito burocrático o processo para conseguir o auxilio.",A lei permite que com o incentivo os espaços culturais possam manter e produzir cultura para que a comunidade possa ter o acesso a cultura em geral.,Permitindo o acesso a cultura e conhecimento nas artes.,,"Autorizo a integral utilização e publicização, de acordo com a conveniência, das informações prestadas na pesquisa realizada, exclusivamente para fins acadêmicos."
Espaço Cultural Cia dos Palhaços,"Trajano Reis, 41",Não informado,"Pagamento de aluguel do espaço, Pagamento de contas para a manutenção do espaço físico, Pagamento de salário dos funcionários, Pagamento de despesas administrativas (contador, taxas fiscais, website, etc), Produção de conteúdo virtual, Alimentação de redes sociais, Formação de público","Pagamento de aluguel do espaço, Pagamento de contas para a manutenção do espaço físico, Pagamento de salário dos funcionários, Pagamento de despesas administrativas (contador, taxas fiscais, website, etc), Impossibilidade de realização de eventos, Impossibilidade de realização de aulas e cursos, Impossibilidade de realização de ensaios, Redução de arrecadação financeira do café/bar","Demissão, Redução de salário, Redução de jornada de trabalho, Realização de teletrabalho",Falta de recurso,As dificuldades enfrentadas foram agravados pela pandemia,A falta de recurso,,Falta de interesse do público,Sim,Editais e premios,Satisfatório,O espaço teve a oportunidade de trabalhar com recurso,A continuidade do trabalho sem recurso,Sim,Dificuldade de conseguir captar projetos devido o processo burocrático intermediado por captadores,Sim. ,Campanha de incentivo à formação de plateia ,Lento,Regular,Importante para subsidiar a existência de espaços. Morosidade no processo seletivo,Pouco recurso,"Nosso espaço é para a cidade, a programação é pensada para atender o público da melhor maneira possível. Porém o público precisa entender que para um espaço cultural continuar existindo é necessário frequenta-lo. Não adianta acharmos que o espaço é para cidade se a cidade não entender isso.","Uma grande crítica que temos as políticas públicas é que na maioria das vezes é obrigatório que o “produto cultural” seja distribuído gratuitamente. Essa ação é bastante prejudicial para espaços culturais, pois a sociedade entende que a arte é de graça. Uma criança que assiste espetáculos na escola, ou em algum espaço público, seja um circo, seja um teatro... o espectador aprende que que a arte é gratuita, logo não aprenderá valorizar a cultura. Como vamos esperar que seja um frequentador de espaços pagante? Não vejo como. Precisamos rever as políticas públicas culturais e a forma como elas acontecem e oferecem benefícios a população .","Autorizo a integral utilização e publicização, de acordo com a conveniência, das informações prestadas na pesquisa realizada, exclusivamente para fins acadêmicos."
Cia do abração ,Rua Paulo Ildefonso Assumpção 725,Não,"Pagamento de aluguel do espaço, Formação de público, Insuficiência de políticas públicas, Fidelização de novos alunos","Pagamento de aluguel do espaço, Pagamento de salário dos funcionários, Formação de público, Insuficiência de políticas públicas, Fidelização de novos alunos, Impossibilidade de realização de eventos, Impossibilidade de realização de aulas e cursos, Impossibilidade de realização de ensaios, Redução de alunos","Redução de salário, Redução de jornada de trabalho","Isolamento social. Fechamos o espaço e trabalhamos de casa. Assim, fazemos revezamento.  Uma pessoa vai no espaço, uma vez por semana ","As dificuldades enfrentadas foram agravados pela pandemia, Novas dificuldades sugiram com a pandemia",Financeiras ,Diminuição severa de clientes. Adaptação de Teatro presencial para online ,Teatro online é muito bizarro. É forçar a barra dos propositos basilares,Sim,"Editais públicos de produção, difusão e manutenção. ",Satisfatório,Estrutura mínima de custeio  produção do bem cultural ,Muita burocracia e tetos baixíssimos ,Sim,Burocracia e análise de mérito discutível. Não há orçamento condizente com o mercado. Assim o montante é diluído em migalhas para poucos. O resultado é miséria cultural  .,"Em geral favorece a produção do espetáculo, que é o produto circulante que auda a manter o espaço. O ideal seriam ações para auxiliar a manutenção do próprio espaço. ",Ações de estímulo e auxílio à manutenção ,Rápido,Regular,"Acho um espectro muito amplo o que é democrático, porém o ESTADO não dá conta e tudo se torna pouco lento e  insuficiente ",Deveria ocorrer. Porém não é suficiente. O teto previsto não dá conta de 2 meses de custeio. ,"Nosso espaço, descentralizado, costumava ter seu público específico. Mas após 20 anos consideramos patrimônio cultural. Espaço de fruição criação inclusão etc",,"Autorizo a integral utilização e publicização, de acordo com a conveniência, das informações prestadas na pesquisa realizada, exclusivamente para fins acadêmicos."
escola de música trilhas,rua padre germano mayer 375,"Sim, com escolas","Pagamento de aluguel do espaço, Pagamento de salário dos funcionários","Pagamento de aluguel do espaço, Pagamento de contas para a manutenção do espaço físico, Pagamento de salário dos funcionários, Pagamento de despesas administrativas (contador, taxas fiscais, website, etc), Produção de conteúdo virtual, Insuficiência de políticas públicas, Fidelização de novos alunos, Impossibilidade de realização de eventos, Impossibilidade de realização de aulas e cursos, Impossibilidade de realização de ensaios, Redução de alunos","Demissão, Redução de salário, Redução de jornada de trabalho, Realização de teletrabalho",,"As dificuldades enfrentadas foram agravados pela pandemia, Novas dificuldades sugiram com a pandemia",nosso faturamento caiu 70 %,dificuldade em captar novos clientes,o distanciamento entre professor e aluno necessário para a segurança de todos,Não,,,,,Sim,"a burocracia é enorme, e exigem que tenhamos qualificações que não temos.",no nosso caso não. a FCC não está preocupada em ajudar as escolas de música.,"simples....a verba da Lei Aldir Blanc deveria ser repassada para nós que fomos prejudicados sem exigências que fogem nossas atividades normais que são as aulas. Poderiam até pedir uma contrapartida como por exemplo aulas em instituições públicas no futuro, quando a pandemia acabar. Mas agora deveriam simplesmente verificar de forma simples: a escola foi prejudicada?....se sim, repassar a verba. ponto final.",Lento,Ruim,"não li a Lei na integra...mas acredito que a culpa de não sermos beneficiados é do fato de os valores serem administrados pela prefeitura, ou seja, pela fundação cultural, que complicou tudo. ","Foi um desastre, uma desilusão. Quando saiu, eu e todos meus colegas proprietários de escolas de música de curitiba ficamos com esperança. Quando surgiu a burocracia, quase nenhuma escola tentou se cadastrar....de 50 apenas umas 7......e nenhuma foi contemplada com auxilio. Então não preciso dizer muito. Em uma cidade como Curitiba, NENHUMA escola receber ajuda já diz tudo, não acha??????",não sei comentar,"agradeço a pesquisa. Pena que a FCC não tem interesse em promover uma pesquisa como esta. Se tivesse, poderia identificar as escolas de música e suas dificuldades, e poderia ajudar com rapidez e justiça.","Autorizo a integral utilização e publicização, de acordo com a conveniência, das informações prestadas na pesquisa realizada, exclusivamente para fins acadêmicos, sem a divulgação da identidade do espaço."
Sala de ballet Carmem machado ,Rua luiz del gobbo 54,"Sim, com escolas, Sim, com empresa privada","Pagamento de salário dos funcionários, Pagamento de despesas administrativas (contador, taxas fiscais, website, etc), Formação de público, Insuficiência de políticas públicas, Fidelização de novos alunos","Pagamento de aluguel do espaço, Pagamento de contas para a manutenção do espaço físico, Pagamento de salário dos funcionários, Pagamento de despesas administrativas (contador, taxas fiscais, website, etc), Produção de conteúdo virtual, Formação de público, Insuficiência de políticas públicas, Fidelização de novos alunos, Impossibilidade de realização de eventos, Impossibilidade de realização de aulas e cursos, Impossibilidade de realização de ensaios, Adequação dos espaços físicos para abertura do espaço de acordo com normas sanitárias, Redução de alunos, Redução de arrecadação financeira de doações, Redução de arrecadação financeira do café/bar","Demissão, Redução de salário, Redução de jornada de trabalho, Realização de teletrabalho",,"As dificuldades enfrentadas foram agravados pela pandemia, Novas dificuldades sugiram com a pandemia","Criar estratégias novas de captação de alunos
",,,Não,,Muito insatisfatório,,,Sim,Não chegam as pequenas empresas ,,"Que possamos voltar a sonhar 
",Lento,Péssimo,"Sem acesso e pouco divulgado 
",Nota 0,Difícil pois curitiba recaiu Acerca da cultura so piora a cada dia.,,"Autorizo a integral utilização e publicização, de acordo com a conveniência, das informações prestadas na pesquisa realizada, exclusivamente para fins acadêmicos."
430 Espaços Compartilhados - Espaço Cultural Fábrica,Rua São Pio X 430,"Sim, com empresa privada","Pagamento de aluguel do espaço, Pagamento de contas para a manutenção do espaço físico, Pagamento de salário dos funcionários, Pagamento de despesas administrativas (contador, taxas fiscais, website, etc), Formação de público, Insuficiência de políticas públicas","Pagamento de aluguel do espaço, Pagamento de contas para a manutenção do espaço físico, Pagamento de despesas administrativas (contador, taxas fiscais, website, etc), Formação de público, Insuficiência de políticas públicas, Impossibilidade de realização de eventos, Impossibilidade de realização de aulas e cursos, Impossibilidade de realização de ensaios, Redução de alunos, Em 2017, por conta de dificuldades, nosso quadro de 10 funcionários CLT's e 20 temporários foi reduzido para 1 MEI. Os temporários permanecem e são contratados por job ","Redução de salário, Redução de jornada de trabalho, Realização de teletrabalho","Não conseguimos, mesmo antes da pandemia, manter a empregabilidade formal por conta dos encargos trabalhistas. A receita gerada é insuficiente para tal. No momento atual é impossível. Os profissionais, assim como o espaço, precisam se adequar diariamente às ""tempestades"" e ""humores"" da nossa economia e do setor político. O publico, em geral, entende que o trabalho artístico não precisa de remuneração. Desta maneira, entre uma garrafa de cerveja de R$ 15,00 e um ingresso de R$ 20,00, ele opta pelo primeiro ítem.","As dificuldades enfrentadas foram agravados pela pandemia, Novas dificuldades sugiram com a pandemia",Pagamento das despesas mensais. Pagamento da manutenção do espaço. ,Adesão e retenção de alunos. Adesão e retenção de profissionais que utilizam o espaço para desenvolver suas produções,"90% das atividades são realizadas em grupo. Frente à impossibilidade de aglomeração de pessoas as ações presenciais foram totalmente interrompidas. Passamos a atender, mesmo expondo nossa saúde, alguns profissionais para o desenvolvimento de conteúdo digital audiovisual para transmissões e gravações.",Sim,Edital subsídio,Muito insatisfatório,No estado de emergência ao qual nos encontramos qualquer aporte é positivo. ,"A burocracia gerada pelo edital e as contrapartidas exigidas nos geram ainda mais despesas. Além disso somos tributados pelo uso do dinheiro do edital, ou seja, o estado disponibiliza os recursos públicos e ainda ""ganha"", arrecada. Os recursos disponibilizados pelo edital também não suprem as necessidades do espaço sequer por 2 meses.",Sim,"Burocracia, morosidade, excesso de exigências. Avaliação curricular duvidosa e parcial que beneficia produtores já conhecidos pelos avaliadores.","Deveriam. Nosso espaço NUNCA teve apoio das políticas públicas nem das instituições municipais, estaduais ou federais. Já nos inscrevemos em diversos editais para subsídio do espaço e manutenção de cursos mas nunca fomos ""agraciados""por razões diversas. a única verba que recebemos foram provenientes do edital de subsídio da lei Aldir Blanc","Que haja incentivo para as práticas culturais através de linhas de crédito sem a exigência de garantias absurdas, editais que possibilitem a manutenção anual dos espaços culturais para que os mesmos possam concentrar seus investimentos em ações de formação de plateias",Muito Lento,Ruim,"O grande problema foi a ""terceirização"" do governo federal que incumbiu estados e municípios de administrar os recursos da lei. Desta maneira, além da morosidade, foram criadas barreiras (principalmente pela Fundação Cultural de Curitiba) para o acesso aos recursos. Quando a verba foi entregue já estávamos há 9 meses sem receita. ","Somente será benéfica se não valorizar apenas os espaços culturais que já são da prefeitura e se todos tiverem oportunidade. Não apenas os pupilos do prefeito e seus amigos como acontece hoje em dia. Se você for opositor às politicas da administração atual, pode esquecer",,,"Autorizo a integral utilização e publicização, de acordo com a conveniência, das informações prestadas na pesquisa realizada, exclusivamente para fins acadêmicos, sem a divulgação da identidade do espaço."
Tô de Bolhas,Arthur Francisco Fronza 82 Pilarzinho,Não,"Produção de conteúdo virtual, Alimentação de redes sociais","Pagamento de aluguel do espaço, Pagamento de contas para a manutenção do espaço físico, Pagamento de despesas administrativas (contador, taxas fiscais, website, etc), Produção de conteúdo virtual, Alimentação de redes sociais, Impossibilidade de realização de eventos, Impossibilidade de realização de aulas e cursos, Redução de arrecadação financeira de doações, Redução drástica das vendas dos produtos","Redução de jornada de trabalho, Realização de teletrabalho",Não houve mais procura. Praças onde fazíamos os maiores contatos e vendas não puderam mais ser ocupadas. Escolas que eram nosso mote tbm fechadas.,"As dificuldades enfrentadas foram agravados pela pandemia, Novas dificuldades sugiram com a pandemia",Pagamento dos custos estruturais.,Produção de conteúdo digital.,Inserção no meio digital.,Sim,Lei Aldir Blanc,Nem satisfatório/Nem insatisfatório,Ajuste de alguns custos.,"Por ser um auxílio, a produção de um produto final por ser beneficiada gerou mais custos.",Sim,Adequação aos meios de concorrência; documentos comprobatórios demasiados;,"Percebo que contribuem em partes, poderiam ser mais abrangentes e menos burocráticas.","Apoio financeiro, instrução e orientação sobre os meios digitais, divulgação do espaço, diminuição de impostos; abrangência na distribuição é essencial.",Lento,Regular,"Positivo: aporte financeiro em período que não estamos trabalhando;
Negativo: abrir concorrência para o valor, diante da situação em que estamos, poderia ser mais abrangente e melhor distribuído o recurso.","Bastante burocracia para acesso aos recursos destinados. Imagino que para ser uma Lei Emergencial poderia ser mais facilitada e abrangente na sua distribuição. Muitas pessoas mesmo que não possuem acesso tecnológico não puderam ser contempladas. Ainda a exigência de estar com documentos de IPRF, Fazenda, Estaduais, certidões mil, tudo em dia para o acesso ao recurso considero higienista, pois distribui pra quem já está adaptado ao modus operandi, e que são a minoria dos artistas e trabalhadores de artes na cidade. No caso os que desconhecem esses formatos ficam a margem do risco pq não tem como concorrer.","No âmbito de acesso aos meios, me considero privilegiada porque tive bastante apreço pelo meu projeto em diferentes autarquias organizacionais do município. Porém no que percebo aos acessos de recursos financeiros por intermédio das leis e fundos, esses exigem maior conhecimento de área muitos comprovantes que para a maioria dos artistas isso é quase impossível. Eu mesma passei a maior parte do anos a margem, dependendo das vendas na rua, pois nem sequer conta em banco conseguia abrir. Portanto imagino que a política pública para a cultura precisa entender a arte como caminho desde a educação até ao trabalho como fim. Auxiliar de forma imparcial quem se prostre interessado,  e desburocratizar os sistema de acesso aos recursos, para que mais e mais pessoas artistas e trabalhadores do meio possam ser contemplados.",Muito bom. Agradeço a oportunidade.,"Autorizo a integral utilização e publicização, de acordo com a conveniência, das informações prestadas na pesquisa realizada, exclusivamente para fins acadêmicos, sem a divulgação da identidade do espaço."
BICICLETARIA CULTURAL,"Rua PRES. Faria, 226 ","Sim, com escolas, Sim, com a administração pública","Alimentação de redes sociais, sistema de gestão","Pagamento de aluguel do espaço, Pagamento de contas para a manutenção do espaço físico, Pagamento de salário dos funcionários, Pagamento de despesas administrativas (contador, taxas fiscais, website, etc), Produção de conteúdo virtual, Alimentação de redes sociais, Impossibilidade de realização de eventos, Impossibilidade de realização de aulas e cursos, Impossibilidade de realização de ensaios","Redução de salário, Redução de jornada de trabalho",reduzimos horario expediente,Novas dificuldades sugiram com a pandemia,,necessário tempo para gerir ações digitais ,vendas online e programação digital,Não,,,,,,,,,Muito rápido,Regular,,,,,"Autorizo a integral utilização e publicização, de acordo com a conveniência, das informações prestadas na pesquisa realizada, exclusivamente para fins acadêmicos, sem a divulgação da identidade do espaço."
Casa Quatro Ventos ,Rua da paz 51,"Sim, com a administração pública, Sim, com empresa privada","Pagamento de salário dos funcionários, Pagamento de despesas administrativas (contador, taxas fiscais, website, etc), Produção de conteúdo virtual, Alimentação de redes sociais, Insuficiência de políticas públicas","Pagamento de aluguel do espaço, Pagamento de contas para a manutenção do espaço físico, Pagamento de salário dos funcionários, Pagamento de despesas administrativas (contador, taxas fiscais, website, etc), Produção de conteúdo virtual, Alimentação de redes sociais, Formação de público, Insuficiência de políticas públicas, Impossibilidade de realização de eventos, Impossibilidade de realização de aulas e cursos, Impossibilidade de realização de ensaios, Adequação dos espaços físicos para abertura do espaço de acordo com normas sanitárias, Redução de arrecadação financeira do café/bar","Redução de jornada de trabalho, Realização de teletrabalho",,"As dificuldades enfrentadas foram agravados pela pandemia, Novas dificuldades sugiram com a pandemia",Manutenção e continuidade de ações,Financeiro e programação,Continuidade de ação,Sim,Emenda parlamentar (para o ano de 2021) e acolhimento de projetos financiados pelas leis de incentivo municipal e estadual,Nem satisfatório/Nem insatisfatório,,A falta de existir para manutenção de espaços culturais privados,Sim,,Não,Continuidade de atividades e programação,Muito Lento,Péssimo,A inclusão de grupos e comunidades,Insuficiente,"Democratização, ação cultural diversificada, espaço para experimentação, formação e difusão, fortalecimento da economia criativa e local",,"Autorizo a integral utilização e publicização, de acordo com a conveniência, das informações prestadas na pesquisa realizada, exclusivamente para fins acadêmicos."
WhoIs Produções,"Rua Prefeito Angelo Lopes, 433 / ap121",Não,"Produção de conteúdo virtual, Alimentação de redes sociais, Formação de público, Insuficiência de políticas públicas","Pagamento de contas para a manutenção do espaço físico, Pagamento de despesas administrativas (contador, taxas fiscais, website, etc), Produção de conteúdo virtual, Alimentação de redes sociais, Formação de público, Insuficiência de políticas públicas, Impossibilidade de realização de eventos, Impossibilidade de realização de ensaios",Redução de jornada de trabalho,todo ritmo de trabalho de todos reduziu drasticamente,"As dificuldades enfrentadas foram agravados pela pandemia, Novas dificuldades sugiram com a pandemia","impossibilidade de realizar projetos, ensaios e qualquer tipo de atividade e evento cultural",readequação das atividades já planejadas,readequação das atividades já planejadas,Sim,"somente alguns projetos próprios aprovados em editais, se é que isso pode ser considerado ""benefício""",Nem satisfatório/Nem insatisfatório,"projetos próprios realizados, não foi exatamente um benefício",idem acima,Sim,"muito pouco recurso para a demanda do setor, seja municipal ou estadual","sim, os editais e programas acabam sendo a principal fonte de renda da maioria da cadeia produtiva da cultura",que tenha recursos suficientes para a demanda do mercado e que sejam de fácil e amplo acesso,Muito Lento,Bom,"foi uma lei sem precedentes na área da cultura, com recursos amplo e com previsão p;ara a diversidade. Porém ainda foi exigidos ""produtos culturais"" em meio a uma pandemia, o que não deveria ter sido feito pois se tratava de editais e recursos emergenciais, e não os tradicionais que acontecem na cultura. O momento não é normal","Houve um certo diálogo da Fundação Cultural com a classe, o que permitiu a implementação de algumas medidas emergenciais inclusivas. Porém pelo curto prazo e o excesso de burocracia, nem todos os recursos puderam ser aplicados, devolvendo uma parte expressiva dos recursos. deveriam ter contemplado, pelo menos, todos os projetos inscritos, o que teria reduzido um pouco esse problema. Mas ainda assim, o acesso e a divulgação por parte da prefeitura foi muito precário","procuramos desenvolver projetos que envolvam o maior número de profissionais e contribuir com a distribuição de recursos, gerando oportunidades a diferentes agentes da cadeia produtiva",,"Autorizo a integral utilização e publicização, de acordo com a conveniência, das informações prestadas na pesquisa realizada, exclusivamente para fins acadêmicos, sem a divulgação da identidade do espaço."
TEATRO LALA SCHNEIDER,Rua Treze de Maio 629,"Sim, com escolas","Pagamento de contas para a manutenção do espaço físico, Insuficiência de políticas públicas","Pagamento de aluguel do espaço, Pagamento de contas para a manutenção do espaço físico, Pagamento de salário dos funcionários, Pagamento de despesas administrativas (contador, taxas fiscais, website, etc), Formação de público, Insuficiência de políticas públicas, Fidelização de novos alunos, Impossibilidade de realização de eventos, Impossibilidade de realização de aulas e cursos, Impossibilidade de realização de ensaios, Redução de alunos, Redução de arrecadação financeira de doações, Redução de arrecadação financeira do café/bar","Aumento de salário, Demissão, Redução de salário, Redução de jornada de trabalho, Realização de teletrabalho",Queda do faturamento,"As dificuldades enfrentadas foram agravados pela pandemia, Novas dificuldades sugiram com a pandemia",Falta de recursos financeiros,dificuldade de se adequar a realidade da PANDEMIA,Captação de recursos,Não,,Muito insatisfatório,,,Sim,Não existe uma política publica específica para espaços culturais! Apenas projetos pontuais para artistas e cias ,"Não! A maioria dos projetos incentivados pelas leis de incentivo, procuram os espaços publicos para NÃO pagarem a locação dos teatros","Um olhar atento para os espaços. Sabendo de sua importância para o cenário cultural. Somente assim, serão fortalecidas as ações.",Lento,Ruim,Positivos? Apenas a boa intenção! Negativos? A falta de critério e a maneira como os editais foram conduzidos! ,PÉSSIMO! Não houve uma LÓGICA na determinação específica das verbas!,Os espaços culturais são importante para o fortalecimento dos movimentos artísticos. A independência desses espaços geram uma cultura mais forte. Mais heterogênea e que amplie a diversidade,"Hoje a cultura PEDE socorro! A falta de respeito das autoridades com os fazedores da arte é algo deprimente! Nas esferas: MUNICIPAL, ESTADUAL e FEDERAL, a ausência de uma política pública consistente é bastante clara!","Autorizo a integral utilização e publicização, de acordo com a conveniência, das informações prestadas na pesquisa realizada, exclusivamente para fins acadêmicos, sem a divulgação da identidade do espaço."
Cujo ateliê / ALGO COLETIVO,"Rua Alexandre Toscani Filho, 80, Santa Felicidade, Curitiba/PR","Sim, com escolas, Sim, com a administração pública, Sim, com empresa privada, com pessoas físicas, artistas e produtores - com administração pública por editais","Pagamento de contas para a manutenção do espaço físico, Pagamento de despesas administrativas (contador, taxas fiscais, website, etc), Produção de conteúdo virtual, Alimentação de redes sociais","Pagamento de contas para a manutenção do espaço físico, Pagamento de despesas administrativas (contador, taxas fiscais, website, etc), Produção de conteúdo virtual, Alimentação de redes sociais, Impossibilidade de realização de eventos, Impossibilidade de realização de aulas e cursos, Impossibilidade de realização de ensaios, Redução de arrecadação financeira de doações, estabelecer parcerias para desenvolver cursos e lidar com o todo o trabalho sozinha, sem equipe","Redução de salário, Realização de teletrabalho, impedimento em realizar funções e exercer a profissão","impossibilidade de estabelecer parcerias, necessidade de reinvenção e adaptação diante das novas condições, falta de subsídios para compra de materiais para produzir ","As dificuldades enfrentadas foram agravados pela pandemia, Novas dificuldades sugiram com a pandemia",dificuldades de estabelecer parcerias e de conjugar os ganhos com os gastos,"não conseguir suprir as despesas básicas, lidar com o trabalho individual sem parcerias, criar materiais e cursos em modelo virtual e não presencial","adaptação para o virtual, reinvenção de atividades e propostas, especialmente por não estabelecer parcerias e pelos editais estarem muito limitados e restritos ",Sim,"Editais e leis de incentivo, contratos temporários de serviços.",Nem satisfatório/Nem insatisfatório,"custear despesas básicas, viabilizar quesitos mínimos para continuar trabalhando como manutenças de equipamentos e compra de alguns materiais. Em tempos antigos, vivi experiencias que foram satisfatórias em relação custo/benefício entre ambos os lados.","Restrição, limitação de recursos e de conteúdo mesmo ou objeto dos editais, além da grande burocratização. Os editais limitam os projetos em seus conteúdos e produtos culturais e exigem quantidades absurdas de documentos e detalhes, especialmente nas Artes Visuais.",Sim,"Burocratização, limitação de iniciativas ou enquadramentos restritivos e não abrangentes, que viabilizem propostas realmente inovadoras e não tão formatadas. Para inscrever projetos em editais, além disso, a demanda de trabalho muitas vezes acaba não sendo ressarcida pelo valor do edital. São poucos editais, com valores diversos mas muitas vezes bem restritos e que viabilizam poucas produções. Além desse quesito, os poucos editais existentes ainda são muito burocráticos e não tem grande alcance por parte da amplitude que é a classe artística, então assim não cumprem nenhuma das funções. Outra questão é que sendo editais demandam competição e produtos finais, este quesito no meu modo de ver é um lugar meio desolador, mesmo assim esses são os principais mecanismos de fomento à cultura (mesmo que muito formatada).","Sim, são essenciais. Sem políticas públicas os espaços ficam à mercê de questões do mercado.","Fomento à liberdade intelectual e criativa, respeito, escuta. Viabilização de parcerias e desenvolvimento de propostas que sejam menos competitivas, mais solidárias e inclusivas, editais muito mais inteligentes, abrangentes ou sensíveis às demandas (não tão formatadas) e desburocratizados. E que o processo burocrático/institucional voltado à arte seja mais inteligente, sensível e independente e menos calcado em medo de dar merda.",Lento,Ótimo,"A lei Aldir Blanc é um todo MUITO POSITIVO!!! Só faço aqui algumas ressalvas que observei... Positivo: Repasse de verbas e amplo debate. Negativo: burocratização. Repasse aos Estados e Municípios que operam má gestão de recursos e na criação de editais e estabelecimento de debates, fomento por editais, lentidão de repasse. Acho que esses pontos não são específicos da Lei, mas de gestão, contudo talvez a Lei pudesse prever orientações para essa gestão, não sei bem dizer.","Processo burocratizado e sob o filtro da Fundação Cultural de Curitiba, o que fez todos os espaços se submeterem a um edital, o que confundiu muitos agentes e impediu muitas inscrições. Como sempre os Editais somente beneficiam quem já domina um pouco seus mecanismos e sabe jogar esse jogo de escrever projetos. ","O espaço viabiliza criações artística em artes visuais e possibilita interações entre agentes do meio, bem como debates e reuniões. É um espaço de reflexão e de propostas lúdicas, bem como armazena materiais artísticos e de pesquisa. Nesse sentido acaba sendo um ponto catalizador de ideias, propostas e projetos.","O espaço cultural é um ateliê artístico, que está se reinventando para comportar o ALGO COLETIVO, uma proposta de unir ações em artes visuais, performance, debates, a apresentações musicais, dança, teatro, economia criativa, agroecologia.","Autorizo a integral utilização e publicização, de acordo com a conveniência, das informações prestadas na pesquisa realizada, exclusivamente para fins acadêmicos, sem a divulgação da identidade do espaço."
Vox Dei Escola de Música e Estúdio de Gravação,Rua José Merhy 1395,"Sim, com empresa privada","Pagamento de contas para a manutenção do espaço físico, Pagamento de despesas administrativas (contador, taxas fiscais, website, etc), Fidelização de novos alunos","Pagamento de salário dos funcionários, Pagamento de despesas administrativas (contador, taxas fiscais, website, etc), Produção de conteúdo virtual, Alimentação de redes sociais, Fidelização de novos alunos, Impossibilidade de realização de eventos, Impossibilidade de realização de aulas e cursos, Impossibilidade de realização de ensaios, Adequação dos espaços físicos para abertura do espaço de acordo com normas sanitárias, Redução de alunos",,,"As dificuldades enfrentadas foram agravados pela pandemia, Novas dificuldades sugiram com a pandemia","Ensaios de bandas praticamente acabaram, práticas em conjunto dos alunos da escola idem. Muitos alunos autônomos perderam seus trabalhos e ficaram sem dinheiro pra continuar investindo em música por lazer.","Adaptação às normas sanitárias (estúdio é bem isolado e sem ventilação), algumas salas de aula tiveram que ser desativadas também, sem contar a redução de receita pela metade praticamente.",Criar conteúdo digital e adaptar os valores às novas taxas de inflação.,Sim,Lei municipal de incentivo a cultura,Muito satisfatório,geração de receita,,Sim,,"o sistema de coleta de informações da fundação cultural é muito antigo, limitado e nada prático para cadastrar",,Normal,Regular,,,,,"Autorizo a integral utilização e publicização, de acordo com a conveniência, das informações prestadas na pesquisa realizada, exclusivamente para fins acadêmicos."
CIA MIRABOLICA TEATRO E PALHAÇO,AL DOUTOR MURICY 209,"Sim, com escolas, Sim, com bibliotecas, Sim, com empresa privada","Pagamento de aluguel do espaço, Pagamento de contas para a manutenção do espaço físico, Pagamento de salário dos funcionários, Produção de conteúdo virtual, Alimentação de redes sociais, Formação de público, Insuficiência de políticas públicas, Fidelização de novos alunos","Pagamento de aluguel do espaço, Pagamento de contas para a manutenção do espaço físico, Pagamento de salário dos funcionários, Pagamento de despesas administrativas (contador, taxas fiscais, website, etc), Produção de conteúdo virtual, Alimentação de redes sociais, Formação de público, Insuficiência de políticas públicas, Fidelização de novos alunos, Impossibilidade de realização de eventos, Impossibilidade de realização de ensaios, Redução de arrecadação financeira de doações, ter filha pequena, e não ter dinheiro para pagar babá para poder ter tempo habil para produzir conteudo digital","Redução de jornada de trabalho, Realização de teletrabalho, não poder produzir por que a filha não pode frequentar a escola, por conta da suspenção das aulas. ","a jornada de trabalho reduziu por não ter com quem deixar a filha pequena e ter que cuidar dela em tempo integral e também por ter contratos cancelados, contratos os quais,  visavam realizar atividades com publico e aglomerações. Houve, 04 formações; comprada por empresa privada, que tiveram  ser realizadas via tele encontro. Houve também 02 apresentações que precisou ser realizada via video. ","As dificuldades enfrentadas foram agravados pela pandemia, Novas dificuldades sugiram com a pandemia",os dois principais agravamentos foram: estar com a filha pequena em tempo integral em casa sem ter como pagar por um serviço de babá ou ainda deixa-lá com terceiros e a suspenção de um contrato fixo que nos garantia o basico na renda mensal.,a mesma descrição da pergunta anterior.,"Ficar sem renda nenhuma do dia pra noite e gastar todas as reservas para sobreviver, sem perpectiva de quando poder ganhar mais. Adptar espetaculos que dependiam muito da interação direta  do publico para formato de gravaçao de video. Fazer produçoes de video e midias digitais, adquirir equipamentos eletronicos para esses fins. Naõ ter dinheiro e influencias suficientes  para alavancar o alcance de publico desses materiais em tal formato.  não ter com quem deixar a filha pequena e ter que cuidar dela em tempo integral.",Sim,"ganhamos Aldir blanc durante a pandemia, foi a primeira vez que passamos em um edital publico. E antes disso, uma unica vez  também conseguimos passar em uma licitação de uma prefeitura de cidade proxima. ",Muito satisfatório,"o dinheiro veio em boa hora, e o processo de avaliaçao do projeto era simplificado, o que facilitou muito o acesso. Havia bastante recurso disponivel então a nota de corte era baixa. Foi bem mais facil do que nos editais convencionais da prefeitura de curitiba.  ","muitas pessoas com pouca informação e formação, que tbm são artistas, ficaram de fora por varios motivos, em especial por não saber manusear aparelhos eletronicos e organizar a documentação exigida.  Na minha opinião a as secretarias de cultura e as fundações culturais, deveriam ter criado um espaço fisico para orientar e ajudar as pessoas que são leigas a terem acesso a essa verba. Ajudar a pessoa a organizar a documetação necessaria e explicar certinho como funciona tudo. ",Sim,"A fundaçao cultural de curitiba ofecere um sitema para editais que  tem muitas pastas para preencher.  A pasta dos curriculos por ex, é uma pasta muito cheia de lacunas que poderia ser substituida por um formato unico padrao de curriculo e tbm poderia ficar armazenada permanentemte em um banco de dados, assim quando a pessoa fosse se inscrever novamente estes dados já constam em uma fonte anterior e poderia ser anexado diretamente. ","sim, contribuem claro. conhecemos grandes cias. que já estão habituadas a viver com esses recursos. e isso é otimo, mantem e fortalece o trabalho de muitas pessoas. e tbm permite que essas cias, tenham uma pessoa especializada nesse cargo da produção. Infelizmente O problema são os grupos iniciantes que muitas vezes não possuem recurso disponível  para ter acesso a um bom produtor/a. Uma pessoa que possa instruir  diretamente e ensinar os caminhos de como usufruir e ter acesso a essas leis. Mesmo com o advento da internet, assistir videos e lives nem sempre é esclarecedor. e muitas vezes a pessoa nem sabe como acessar essas aulas ciberneticas. A incerteza tbm de trabalhar por dias a fio e não ser aprovado é um fantasma horroroso que assola amedronta muitos grupos, por que em geral a verba é pequena, não pode abranger muitas pessoas. ","Nós esperamos algumas medidas um tanto utopicas em alguns sentidos, mas outras perfeitamente possiveis em outros sentidos. Das utópicas eu diria uma divulgação mais ampla e otimista dos editais, como: propagandas mais explicitas, em radio ,tv e outdoor. Pra que as pessoas não tenham que ficar se martirizando abrindo site da fcc todo dia pra encontrar o anuncio do edital. Mais recurso finaceiro disponivel também, pra que isso não seja sempre uma disputa de quem é o melhor, mas para que seja de fato democratico e todos possam ter ao menos uma chance de usar um edital alguma vez em sua trajetoria. 
Uma atitude perfeitamente  possivel de ser feita seria ter um setor com pessoas fisicas, funcionarios publicos que descem assistencia a pessoa diretamente, ensinando  como pôr o projeto dentro do sitema. E as pastas serem mais simplificadas, nos referimos ao caso do sisprofice .Acreditamos que os aulões da fundação não são de facil acesso e tampouco abrangentes nas necessidades que cada pessoa  tem naquele momento. Uma bordagem direta as cias./grupos também ajudaria muito como uma politica de assitencia cultural. E tbm no nosso caso que trabalhamos com teatro de rua, politicas e regras que facilitassem a retirada de alvaras para o uso de espaços publicos. por que mais uma vez ressaltamos que na cidade de Curitiba, é necessario passar por três lugares completamente diferentes para ter a liberação desse tipo de alvará. A implementação de mais projetos coletivos que obriguem as cias. a dialogarem entre elas. Falo isso por que, hj em dia, quando se lança um edital é cada um por si, Deus por todos, na maioria das vezes. ",Lento,Regular,"Voltamos a repetir que, temos muitos amigos que não tiveram acesso a esses recursos, por que são pessoas mais habituadas ao mundo real e não ao virtual. Acreditamos que faltou criar Qgs. fisicos Como os da assistencia social, por ex. Onde as pessoas pudessem vivenciar uma abordagem direta para entender como  acessar esse direito, essas verbas. Houveram muitos coletivos artisticos que se movimentaram pra isso. e nós só tivemos acesso por que algumas pessoas amigas nos procuraram e instruiram de como fazer.  ","Foi de extrema importancia, ajudou e pode ajudar ainda mais, se for melhor estruturada no quesito de alcançar todas as pessoas que realmente precisam, desse dinheiro.",,,"Autorizo a integral utilização e publicização, de acordo com a conveniência, das informações prestadas na pesquisa realizada, exclusivamente para fins acadêmicos."